{
  "percentile": 99.0,
  "threshold": 0.22714953124523163,
  "mean_err": 0.2261972427368164
}